Symbol,Name,Last Sale,Net Change,% Change,MarketCap,Country,IPO Year,Volume,Sector,Industry
AAMC,Altisource Asset Management Corp Com,$86.93,9.63,12.458%,153068691.00,United States,,34080,Finance,Investment Managers
AAU,Almaden Minerals Ltd. Common Shares,$0.1567,-0.0049,-3.032%,21502595.00,Canada,2015,374136,,
ACAQ,Athena Consumer Acquisition Corp. Class A Common Stock,$10.48,-0.22,-2.056%,116945649.00,,2021,503,Industrials,Consumer Electronics/Appliances
ACU,Acme United Corporation. Common Stock,$25.35,0.25,0.996%,89692838.00,United States,1988,5225,Consumer Discretionary,Home Furnishings
ADEX,Adit EdTech Acquisition Corp. Common Stock,$10.40,0.09,0.873%,97421189.00,,2021,623,Industrials,Consumer Electronics/Appliances
ADRT,Ault Disruptive Technologies Corporation Common Stock,$10.48,0.00,0.00%,150650000.00,,2022,25253,Industrials,Consumer Electronics/Appliances
AE,Adams Resources & Energy Inc. Common Stock,$38.37,-0.73,-1.867%,97255326.00,United States,1980,4218,Energy,Oilfield Services/Equipment
AEF,abrdn Emerging Markets Equity Income Fund Inc. Common Stock,$5.21,-0.08,-1.512%,264416769.00,United States,,49896,Finance,Finance/Investors Services
AGE,AgeX Therapeutics Inc. Common Stock,$0.5888,-0.0113,-1.883%,22345702.00,,2018,15804,Health Care,Biotechnology: Pharmaceutical Preparations
AIM,AIM ImmunoTech Inc. Common Stock,$0.539,0.019,3.654%,21392916.00,United States,1997,270935,Health Care,Biotechnology: Biological Products (No Diagnostic Substances)
AINC,Ashford Inc. (Holding Company) Common Stock,$10.785,-0.165,-1.507%,34479440.00,United States,2014,953,Finance,Investment Managers
AIRI,Air Industries Group Common Stock,$3.7198,-0.0802,-2.111%,12081676.00,United States,,1451,Industrials,Military/Government/Technical
AMBI,Ambipar Emergency Response Class A Ordinary Shares,$7.57,-0.47,-5.846%,419603972.00,,,38752,Industrials,Environmental Services
AMBO,Ambow Education Holding Ltd. American Depository Shares each representing two Class A ordinary shares,$0.2771,-0.0028,-1.00%,7036447.00,China,,11849,Consumer Discretionary,Service to the Health Industry
AMPE,Ampio Pharmaceuticals Inc.,$0.2431,-0.0069,-2.76%,3671509.00,United States,2022,506410,Health Care,Biotechnology: Pharmaceutical Preparations
AMS,American Shared Hospital Services Common Stock,$2.85,0.005,0.176%,17624400.00,United States,1988,31115,Health Care,Medical Specialities
APT,Alpha Pro Tech Ltd. Common Stock,$4.03,-0.0599,-1.465%,49423743.00,Canada,2000,24172,,
AREN,The Arena Group Holdings Inc. Common Stock,$4.13,0.08,1.975%,89916749.00,,2022,39655,Technology,Interactive Media
ARMP,Armata Pharmaceuticals Inc. Common Stock,$1.619,0.059,3.782%,58518279.00,United States,,801,Health Care,Biotechnology: Biological Products (No Diagnostic Substances)
ASM,Avino Silver & Gold Mines Ltd. Common Shares (Canada),$0.93,-0.016,-1.691%,110851775.00,Canada,,805302,,
ASXC,Asensus Surgical Inc. Common Stock,$0.753,-0.057,-7.037%,180177649.00,United States,,1987214,Health Care,Medical/Dental Instruments
ATNM,Actinium Pharmaceuticals Inc. (Delaware) Common Stock,$9.17,-0.13,-1.398%,235938323.00,United States,,151959,Health Care,Biotechnology: Pharmaceutical Preparations
AULT,Ault Alliance Inc. Common Stock,$0.112,-0.0018,-1.582%,46563630.00,United States,1997,12178812,Industrials,Military/Government/Technical
AULT^D,Ault Alliance Inc. 13.00% Series D Cumulative Redeemable Perpetual Preferred Stock,$11.10,0.0503,0.455%,,United States,,3708,,
AUMN,Golden Minerals Company Common Stock,$0.2498,-0.0152,-5.736%,43034359.00,United States,,510788,Basic Materials,Precious Metals
AUST,Austin Gold Corp. Common Shares,$1.28,0.10,8.475%,16987840.00,,2022,78902,,
AWX,Avalon Holdings Corporation Common Stock,$2.81,0.00,0.00%,10957401.00,United States,1998,3707,Utilities,Environmental Services
BACA,Berenson Acquisition Corp. I Class A Common Stock,$10.06,-0.03,-0.297%,345938250.00,,2021,247,Industrials,Consumer Electronics/Appliances
BATL,Battalion Oil Corporation Common Stock,$7.12,-0.28,-3.784%,117127610.00,,,15535,Energy,Oil & Gas Production
BCV,Bancroft Fund Ltd.,$16.62,-0.05,-0.30%,97693075.00,United States,1972,21261,Finance,Finance/Investors Services
BCV^A,Bancroft Fund Limited 5.375% Series A Cumulative Preferred Shares,$23.55,-0.60,-2.484%,,United States,,910,,
BDL,Flanigan's Enterprises Inc. Common Stock,$27.99,-0.01,-0.036%,52023530.00,United States,1972,322,Consumer Discretionary,Restaurants
BGI,Birks Group Inc. Common Stock,$8.09,0.00,0.00%,151533539.00,Canada,,5812,,
BHB,Bar Harbor Bankshares Inc. Common Stock,$25.50,0.66,2.657%,385673501.00,United States,1997,10307,Finance,Major Banks
BHM,Bluerock Homes Trust Inc. Class A Common Stock,$18.37,0.22,1.212%,70605132.00,,2022,5429,Real Estate,Real Estate Investment Trusts
BITE,Bite Acquisition Corp. Common Stock,$10.3001,0.00,0.00%,88980658.00,,2021,54,Industrials,Consumer Electronics/Appliances
BKTI,BK Technologies Corporation Common Stock,$2.58,0.025,0.978%,43855322.00,United States,,60992,Technology,Radio And Television Broadcasting And Communications Equipment
BLUA,BlueRiver Acquisition Corp. Class A Ordinary Shares,$10.15,0.00,0.00%,351333957.00,,2021,2,Finance,Blank Checks
BMTX,BM Technologies Inc. Common Stock,$3.40,0.09,2.719%,40329134.00,,2018,41436,Technology,EDP Services
BRBS,Blue Ridge Bankshares Inc. Common Stock,$10.01,0.00,0.00%,189654125.00,,,17074,Finance,Commercial Banks
BRN,Barnwell Industries Inc. Common Stock,$2.88,0.13,4.727%,28675259.00,United States,1965,52447,Energy,Oil & Gas Production
BTG,B2Gold Corp Common shares (Canada),$4.06,-0.09,-2.169%,4366522729.00,Canada,,11279727,,
BTTR,Better Choice Company Inc. Common Stock,$0.4801,-0.0099,-2.02%,14662805.00,,2021,27968,Consumer Discretionary,Food Distributors
BURU,Nuburu Inc. Common Stock,$1.77,-0.37,-17.29%,59446413.00,,2020,288748,Technology,Industrial Machinery/Components
CANF,Can-Fite Biopharma Ltd Sponsored ADR (Israel),$1.79,-0.01,-0.556%,7308196.00,Israel,,19298,Health Care,Biotechnology: Pharmaceutical Preparations
CATX,Perspective Therapeutics Inc. Common Stock,$0.65,-0.01,-1.515%,181127597.00,United States,,425099,Health Care,Medical Specialities
CCEL,Cryo-Cell International Inc. Common Stock,$3.67,0.0829,2.311%,31025141.00,United States,2022,534,Health Care,Managed Health Care
CCF,Chase Corporation Common Stock,$105.11,2.21,2.148%,999093149.00,United States,1995,24417,Consumer Discretionary,Paints/Coatings
CEI,Camber Energy Inc. Common Stock,$1.56,-0.06,-3.704%,34662815.00,United States,,791895,Energy,Oil & Gas Production
CET,Central Securities Corporation Common Stock,$34.9475,0.0975,0.28%,977704750.00,United States,1951,37906,Finance,Finance/Investors Services
CEV,Eaton Vance California Municipal Income Trust Shares of Beneficial Interest,$10.00,-0.03,-0.299%,70335750.00,United States,1999,8103,Finance,Finance/Investors Services
CHAA,Catcha Investment Corp. Class A Ordinary Shares,$10.30,0.08,0.783%,100063048.00,,2021,1401,Finance,Blank Checks
CIK,Credit Suisse Asset Management Income Fund Inc. Common Stock,$2.66,0.00,0.00%,140020118.00,United States,,170607,Finance,Finance/Investors Services
CIX,CompX International Inc. Common Stock,$18.27,0.53,2.988%,224851758.00,United States,1998,8040,Technology,Security Systems Services
CKX,CKX Lands Inc. Common Stock,$9.85,-0.02,-0.203%,19448106.00,United States,2003,333,Energy,Oil & Gas Production
CLM,Cornerstone Strategic Value Fund Inc. New Common Stock,$7.57,0.02,0.265%,1646084971.00,United States,2003,699019,Finance,Finance/Investors Services
CMCL,Caledonia Mining Corporation Plc Common Shares,$15.93,-0.33,-2.03%,305637106.00,Canada,,46838,Basic Materials,Precious Metals
CMT,Core Molding Technologies Inc Common Stock,$19.22,-0.08,-0.415%,175139828.00,United States,1996,41618,Consumer Discretionary,Electronic Components
COHN,Cohen & Company Inc.,$7.0354,0.1263,1.828%,12803485.00,United States,,3509,Finance,Investment Managers
CPHI,China Pharma Holdings Inc. Common Stock,$0.36,-0.0301,-7.716%,3044914.00,China,,124735,Health Care,Biotechnology: Pharmaceutical Preparations
CQP,Cheniere Energy Partners LP Cheniere Energy Partners LP Common Units,$46.38,0.02,0.043%,22449456245.00,United States,2007,106062,Utilities,Oil/Gas Transmission
CRF,Cornerstone Total Return Fund Inc. (The) Common Stock,$7.25,0.04,0.555%,746253477.00,United States,2003,389987,Finance,Finance/Investors Services
CTGO,Contango ORE Inc. Common Stock,$31.0981,-0.0019,-0.006%,224446432.00,,2021,18795,Basic Materials,Precious Metals
CTM,Castellum Inc. Common Stock,$1.11,-0.05,-4.31%,52654806.00,,2022,28869,Technology,EDP Services
CVM,Cel-Sci Corporation Common Stock,$2.83,0.37,15.041%,123852680.00,United States,1997,493922,Health Care,Biotechnology: Biological Products (No Diagnostic Substances)
CVR,Chicago Rivet & Machine Co. Common Stock,$30.0303,0.0303,0.101%,29013234.00,United States,1930,6291,Consumer Discretionary,Industrial Specialties
CVU,CPI Aerostructures Inc. Common Stock,$3.61,0.02,0.557%,45366090.00,United States,2022,27800,Industrials,Military/Government/Technical
CYBN,Cybin Inc. Common Shares,$0.37,-0.016,-4.145%,70296018.00,,,678489,Health Care,Pharmaceuticals and Biotechnology
DC,Dakota Gold Corp. Common Stock,$3.25,-0.21,-6.069%,244702016.00,,2022,125101,Basic Materials,Precious Metals
DHY,Credit Suisse High Yield Bond Fund Common Stock,$1.90,0.01,0.529%,196676097.00,United States,1998,162992,Finance,Finance/Investors Services
DIT,AMCON Distributing Company Common Stock,$167.00,-2.85,-1.678%,102045684.00,United States,1999,2218,Consumer Discretionary,Food Distributors
DLA,Delta Apparel Inc. Common Stock,$10.71,0.11,1.038%,74980924.00,United States,2000,8769,Consumer Discretionary,Department/Specialty Retail Stores
DMF,BNY Mellon Municipal Income Inc. Common Stock,$6.33,-0.04,-0.628%,131393500.00,United States,1988,46002,Finance,Finance/Investors Services
DMYY,dMY Squared Technology Group Inc. Class A Common Stock,$10.21,0.00,0.00%,80646238.00,,2022,200,Industrials,Consumer Electronics/Appliances
DNN,Denison Mines Corp Ordinary Shares (Canada),$1.01,-0.01,-0.98%,843714475.00,Canada,,3780468,,
DPSI,DecisionPoint Systems Inc. Common Stock,$6.62,-0.13,-1.926%,49102804.00,,2022,4302,Technology,Retail: Computer Software & Peripheral Equipment
DSS,DSS Inc. Common Stock,$0.2344,0.0085,3.763%,32585625.00,United States,,196420,,
DXF,Dunxin Financial Holdings Limited American Depositary Shares,$0.1101,-0.0169,-13.307%,2298798.00,China,,264459,Consumer Discretionary,Apparel
EAD,Allspring Income Opportunities Fund Common Shares,$6.42,-0.02,-0.311%,383439482.00,United States,2003,119941,Finance,Finance/Investors Services
ECF,Ellsworth Growth and Income Fund Ltd.,$8.04,0.01,0.125%,110785106.00,United States,1986,67411,Finance,Finance/Investors Services
ECF^A,Ellsworth Growth and Income Fund Ltd. 5.25% Series A Cumulative Preferred Shares (Liquidation Preference $25.00 per share),$23.76,-0.10,-0.419%,,United States,,230,,
EFSH,1847 Holdings LLC Common Shares,$0.59,-0.03,-4.839%,2746825.00,,2022,97353,Industrials,Consumer Electronics/Appliances
EIM,Eaton Vance Municipal Bond Fund Common Shares of Beneficial Interest $.01 par value,$10.10,-0.08,-0.786%,726727158.00,United States,2002,183635,Finance,Finance/Investors Services
ELA,Envela Corporation Common Stock,$6.93,0.05,0.727%,186585960.00,United States,,23107,Consumer Discretionary,Consumer Specialties
ELLO,Ellomay Capital Ltd Ordinary Shares (Israel),$11.7144,0.00,0.00%,150560322.00,Israel,,112,Utilities,Electric Utilities: Central
ELMD,Electromed Inc. Common Stock,$10.41,0.26,2.562%,88632447.00,United States,2011,13541,Health Care,Biotechnology: Electromedical & Electrotherapeutic Apparatus
EMAN,eMagin Corporation Common Stock,$2.13,0.05,2.404%,175635962.00,United States,,468245,Technology,Industrial Machinery/Components
EMX,EMX Royalty Corporation Common Shares (Canada),$2.02,-0.01,-0.493%,223541664.00,Canada,,166685,,
ENSV,Enservco Corporation Common Stock,$0.4857,-0.0513,-9.553%,7668643.00,United States,,365699,Energy,Oilfield Services/Equipment
ENX,Eaton Vance New York Municipal Bond Fund Common Shares of Beneficial Interest $.01 par value,$9.60,-0.06,-0.621%,172428374.00,United States,2002,33248,Finance,Finance/Investors Services
EP,Empire Petroleum Corporation Common Stock,$11.51,-0.79,-6.423%,258313992.00,United States,2022,39826,Energy,Oil & Gas Production
EPM,Evolution Petroleum Corporation Inc. Common Stock,$6.71,-0.04,-0.593%,226243083.00,United States,,191120,Energy,Oil & Gas Production
EQX,Equinox Gold Corp. Common Shares,$5.17,-0.13,-2.453%,1613735303.00,Canada,,2807605,,
ERC,Allspring Multi-Sector Income Fund Common Stock,$9.12,-0.02,-0.219%,255791485.00,United States,2003,50600,Finance,Finance/Investors Services
ERH,Allspring Utilities and High Income Fund Common Shares,$10.75,0.08,0.75%,99891763.00,,2004,3080,Finance,Finance/Investors Services
ESP,Espey Mfg. & Electronics Corp. Common Stock,$22.56,0.13,0.58%,60971400.00,United States,1960,3210,Technology,Industrial Machinery/Components
EU,enCore Energy Corp. Common Shares,$1.90,0.03,1.604%,227304269.00,,2023,286607,,
EVBN,Evans Bancorp Inc. Common Stock,$32.20,-0.07,-0.217%,175499950.00,United States,,8507,Finance,Major Banks
EVI,EVI Industries Inc.  Common Stock,$17.98,-0.52,-2.811%,225942470.00,United States,1999,121391,Industrials,Industrial Machinery/Components
EVM,Eaton Vance California Municipal Bond Fund Common Shares of Beneficial Interest $.01 par value,$8.86,-0.05,-0.561%,218602240.00,United States,2002,25990,Finance,Finance/Investors Services
EVV,Eaton Vance Limited Duration Income Fund Common Shares of Beneficial Interest,$9.53,0.00,0.00%,1107418974.00,United States,2003,200748,Finance,Finance/Investors Services
FAX,abrdn Asia-Pacific Income Fund Inc. Common Stock,$2.77,0.02,0.727%,686117280.00,United States,1986,705580,Finance,Investment Managers
FCO,abrdn Global Income Fund Inc. Common Stock,$5.17,0.01,0.194%,64836412.00,United States,1992,60247,Finance,Investment Managers
FEN,First Trust Energy Income and Growth Fund,$13.19,-0.0399,-0.302%,256726480.00,United States,2004,55049,Finance,Finance/Investors Services
FGH,FG Group Holdings Inc. Common Stock,$2.00,0.02,1.01%,38939298.00,United States,,4509,Consumer Discretionary,Industrial Machinery/Components
FOXO,FOXO Technologies Inc. Class A Common Stock,$0.6387,-0.127,-16.586%,17511921.00,,2022,2147266,Technology,Retail: Computer Software & Peripheral Equipment
FRD,Friedman Industries Inc. Common Stock,$11.78,0.07,0.598%,86884427.00,United States,1975,6751,Industrials,Steel/Iron Ore
FSI,Flexible Solutions International Inc. Common Stock (CDA),$3.10,-0.02,-0.641%,38550149.00,Canada,2002,70826,Consumer Discretionary,Recreational Games/Products/Toys
FSP,Franklin Street Properties Corp. Common Stock,$1.32,0.08,6.452%,136271406.00,United States,,1786984,Real Estate,Real Estate Investment Trusts
FTF,Franklin Limited Duration Income Trust Common Shares of Beneficial Interest,$6.20,-0.12,-1.899%,250513319.00,United States,2003,139192,Finance,Finance/Investors Services
FURY,Fury Gold Mines Limited Common Shares,$0.5501,-0.0154,-2.723%,80065652.00,,2020,101606,,
GAU,Galiano Gold Inc.,$0.69,-0.009,-1.288%,155210983.00,Canada,,387265,,
GBR,New Concept Energy Inc Common Stock,$1.0304,-0.0096,-0.923%,5287945.00,United States,1993,35587,Real Estate,Real Estate
GENC,Gencor Industries Inc. Common Stock,$14.33,-0.55,-3.696%,210044870.00,United States,,35271,Industrials,Construction/Ag Equipment/Trucks
GGN,GAMCO Global Gold Natural Resources & Income Trust,$3.78,0.00,0.00%,582718446.00,United States,2005,459514,Finance,Finance/Investors Services
GGN^B,GAMCO Global Gold Natural Reources & Income Trust 5.00% Series B Cumulative 25.00 Liquidation Preference,$22.64,-0.22,-0.962%,,United States,,1313,,
GLDG,GoldMining Inc. Common Shares,$1.08,-0.05,-4.425%,181683525.00,,,760068,,
GLO,Clough Global Opportunities Fund Common Stock,$4.83,-0.07,-1.429%,210325837.00,United States,2006,173303,Finance,Finance/Investors Services
GLQ,Clough Global Equity Fund Clough Global Equity Fund Common Shares of Beneficial Interest,$6.08,-0.02,-0.328%,116277696.00,United States,2005,51360,Finance,Finance/Investors Services
GLTA,Galata Acquisition Corp. Class A Ordinary Shares,$10.43,0.00,0.00%,187414063.00,,2021,200,Consumer Discretionary,Rental/Leasing Companies
GLU,Gabelli Global Utility Common Shares of Beneficial Ownership,$15.00,-0.095,-0.629%,89533665.00,United States,2004,13833,Finance,Finance/Investors Services
GLV,Clough Global Dividend and Income Fund Common Shares of beneficial interest,$5.87,-0.06,-1.012%,74605252.00,United States,2004,56286,Finance,Finance/Investors Services
GNS,Genius Group Limited Ordinary Shares,$1.44,0.02,1.408%,35554555.00,,2022,5065824,Real Estate,Other Consumer Services
GORO,Gold Resource Corporation Common Stock,$1.05,-0.02,-1.869%,92818014.00,United States,,412034,Basic Materials,Precious Metals
GRF,Eagle Capital Growth Fund Inc. Common Stock,$8.26,-0.04,-0.482%,32774325.00,United States,,1973,Finance,Finance/Investors Services
GRFX,Graphex Group Limited American Depositary Shares each American Depositary Share representing 20 Ordinary Shares,$1.20,-0.04,-3.226%,44801122.00,,2022,17659,,
GROY,Gold Royalty Corp. Common Shares,$2.22,-0.11,-4.721%,319487013.00,,2021,413636,,
GSAT,Globalstar Inc. Common Stock,$0.981,-0.0125,-1.258%,1776591000.00,United States,2006,3543969,Consumer Discretionary,Telecommunications Equipment
GTE,Gran Tierra Energy Inc. Common Stock,$0.89,-0.023,-2.519%,306706229.00,Canada,,1487064,Energy,Oil & Gas Production
HNRA,HNR Acquisition Corp Common Stock,$10.48,-0.02,-0.19%,121895500.00,,2022,630,Industrials,Consumer Electronics/Appliances
HNW,Pioneer Diversified High Income Fund Inc.,$10.12,-0.01,-0.099%,84347761.00,United States,2007,18202,Finance,Finance/Investors Services
HUSA,Houston American Energy Corporation Common Stock,$2.43,-0.14,-5.447%,25812719.00,United States,,163788,Energy,Oil & Gas Production
HWM^,Howmet Aerospace Inc. $3.75 Preferred Stock,$64.78,0.00,0.00%,,United States,,82,,
HZON,Horizon Acquisition Corporation II Class A Ordinary Shares,$11.31,0.00,0.00%,343241852.00,United States,2020,67508,Finance,Blank Checks
IAF,abrdn Australia Equity Fund Inc. Common Stock,$4.56,-0.03,-0.654%,116140227.00,United States,1985,44305,Finance,Finance/Investors Services
IAUX,i-80 Gold Corp. Common Shares,$2.54,-0.04,-1.55%,626755399.00,,2022,562340,,
IBIO,iBio Inc. Common Stock,$1.30,0.22,20.37%,16079900.00,United States,,1871977,Health Care,Biotechnology: Pharmaceutical Preparations
ID,PARTS iD Inc. Class A Common Stock,$0.3278,0.0277,9.23%,11182716.00,United States,2017,1046446,Consumer Discretionary,Auto Parts:O.E.M.
IDR,Idaho Strategic Resources Inc. Common Stock,$6.00,0.46,8.303%,73539138.00,,2022,25751,Basic Materials,Precious Metals
IDW,IDW Media Holdings Class B Common Stock,$0.7001,-0.0261,-3.594%,9890866.00,,2021,2144,Consumer Discretionary,Newspapers/Magazines
IE,Ivanhoe Electric Inc. Common Stock,$12.30,-0.34,-2.69%,1143553940.00,,2022,464808,Basic Materials,Metal Mining
IGC,IGC Pharma Inc. Common Stock,$0.354,0.014,4.118%,18789412.00,United States,,73585,Health Care,Biotechnology: Pharmaceutical Preparations
IHT,InnSuites Hospitality Trust Shares of Beneficial Interest,$1.39,-0.0353,-2.477%,12673343.00,United States,1999,1109,Real Estate,Real Estate Investment Trusts
IMH,Impac Mortgage Holdings Inc. Common Stock ,$0.2601,0.0001,0.038%,9511565.00,United States,1997,16928,Finance,Finance: Consumer Services
IMO,Imperial Oil Limited Common Stock,$53.87,-0.77,-1.409%,31468306919.00,Canada,1929,450610,,
INDO,Indonesia Energy Corporation Limited Ordinary Shares,$4.85,-0.12,-2.414%,49192066.00,,2019,69203,Energy,Oil & Gas Production
INFU,InfuSystems Holdings Inc. Common Stock,$9.22,0.30,3.363%,192644976.00,United States,,44712,Health Care,Medical/Dental Instruments
INLX,Intellinetics Inc. Common Stock,$4.0122,-0.2078,-4.924%,,,2022,9488,Technology,EDP Services
INTT,inTest Corporation Common Stock,$21.30,-1.41,-6.209%,236884947.00,United States,1997,281756,Technology,Semiconductors
INUV,Inuvo Inc.,$0.3302,0.0002,0.061%,40090278.00,United States,,125754,Consumer Discretionary,Advertising
IOR,Income Opportunity Realty Investors Inc. Common Stock,$11.01,0.00,0.00%,45894238.00,United States,1987,16,Finance,Diversified Financial Services
IPVF,InterPrivate III Financial Partners Inc. Class A Common Stock,$10.20,0.00,0.00%,339009750.00,,2021,7,Industrials,Consumer Electronics/Appliances
ISDR,Issuer Direct Corporation Common Stock,$19.47,-0.23,-1.168%,73811159.00,United States,,7975,Technology,Computer Software: Prepackaged Software
ITP,IT Tech Packaging Inc. Common Stock,$0.47,0.03,6.818%,4730982.00,China,,94135,Basic Materials,Paper
ITRG,Integra Resources Corp. Common Shares,$0.6117,-0.0283,-4.422%,48791449.00,,,280845,,
JOB,GEE Group Inc. Common Stock,$0.4463,0.0158,3.67%,51079238.00,United States,1968,342886,Consumer Discretionary,Diversified Commercial Services
JWSM,Jaws Mustang Acquisition Corp. Class A Ordinary Shares,$10.02,0.00,0.00%,280345712.00,,2021,3,Finance,Blank Checks
KIQ,Kelso Technologies Inc Ordinary Shares,$0.2778,0.02,7.758%,15090120.00,Canada,,18373,,
KNW,Know Labs Inc. Common Stock,$0.82,-0.05,-5.747%,39530508.00,,2022,66040,Industrials,Industrial Machinery/Components
KULR,KULR Technology Group Inc. Common Stock,$0.74,0.02,2.778%,86010291.00,United States,,900431,,
LCTX,Lineage Cell Therapeutics Inc. Common Stock,$1.37,-0.02,-1.439%,205474445.00,United States,,336815,Health Care,Biotechnology: Biological Products (No Diagnostic Substances)
LEU,Centrus Energy Corp. Class A Common Stock,$30.30,-0.52,-1.687%,443557034.00,United States,2014,65569,,
LGL,LGL Group Inc. (The) Common Stock,$4.22,0.00,0.00%,22589394.00,United States,1946,21965,Technology,Industrial Machinery/Components
LNG,Cheniere Energy Inc. Common Stock,$150.83,0.33,0.219%,36726183730.00,United States,2001,964031,Utilities,Oil/Gas Transmission
LODE,Comstock Inc. Common Stock,$0.418,0.0162,4.032%,43068694.00,United States,,285279,Finance,Real Estate
LPTV,Loop Media Inc. Common Stock,$5.05,0.02,0.398%,284725105.00,,2022,11760,Industrials,Broadcasting
LSF,Laird Superfood Inc. Common Stock,$0.96,0.00,0.00%,8850720.00,,2020,15563,Consumer Staples,Specialty Foods
LXFR,Luxfer Holdings PLC Ordinary Shares,$15.57,-0.02,-0.128%,419377530.00,United Kingdom,2012,46470,Industrials,Metal Fabrications
MAG,MAG Silver Corporation Ordinary Shares,$13.13,-0.30,-2.234%,1350454691.00,Canada,,567129,,
MAIA,MAIA Biotechnology Inc. Common Stock,$3.535,-0.225,-5.984%,38872288.00,,2022,49529,Health Care,Biotechnology: Pharmaceutical Preparations
MGLD,The Marygold Companies Inc. Common Stock,$1.63,0.00,0.00%,64275495.00,,2022,188,Finance,Finance/Investors Services
MHH,Mastech Digital Inc Common Stock,$9.95,-0.37,-3.585%,115822995.00,United States,,224888,Consumer Discretionary,Professional Services
MIMO,Airspan Networks Holdings Inc. Common Stock,$0.52,-0.0101,-1.905%,38783156.00,,2020,9848,Consumer Discretionary,Telecommunications Equipment
MITQ,Moving iMage Technologies Inc. Common Stock,$1.00,0.00,0.00%,10913510.00,United States,2021,22493,Telecommunications,Telecommunications Equipment
MLSS,Milestone Scientific Inc. Common Stock,$0.77,0.00,0.00%,53898864.00,United States,2015,45997,Health Care,Industrial Specialties
MNK,Mallinckrodt plc Ordinary Shares,$6.01,0.06,1.008%,79157301.00,,2022,34871,Health Care,Biotechnology: Pharmaceutical Preparations
MPTI,M-tron Industries Inc. Common Stock,$11.60,-0.09,-0.77%,31630857.00,,2022,9244,,
MPU,Mega Matrix Corp. Common Stock,$1.75,0.04,2.339%,55237095.00,United States,1998,40407,Consumer Discretionary,Diversified Commercial Services
MSN,Emerson Radio Corporation Common Stock,$0.555,0.0125,2.304%,11678672.00,United States,1994,3690,Consumer Staples,Consumer Electronics/Appliances
MTA,Metalla Royalty & Streaming Ltd. Common Shares,$5.25,-0.07,-1.316%,271779249.00,,,246488,,
MTNB,Matinas Biopharma Holdings Inc. Common Stock,$0.61,0.1049,20.768%,132531361.00,United States,2017,2540166,Health Care,Biotechnology: Pharmaceutical Preparations
MWG,Multi Ways Holdings Limited Ordinary Shares,$7.21,-0.23,-3.091%,222356400.00,,2023,127448,Consumer Discretionary,Miscellaneous manufacturing industries
MXC,Mexco Energy Corporation Common Stock,$12.365,-0.0854,-0.686%,26485830.00,United States,2003,2771,Energy,Oil & Gas Production
MYO,Myomo Inc. Common Stock,$0.6779,-0.022,-3.143%,14182829.00,United States,2017,130807,Health Care,Industrial Specialties
NAK,Northern Dynasty Minerals Ltd. Common Stock,$0.2301,-0.0288,-11.124%,121902237.00,Canada,,2528225,,
NAVB,Navidea Biopharmaceuticals Inc. Common Stock,$0.26,-0.004,-1.515%,8541326.00,United States,,33626,Health Care,Biotechnology: In Vitro & In Vivo Diagnostic Substances
NBH,Neuberger Berman Municipal Fund Inc. Common Stock,$10.37,-0.08,-0.766%,195403611.00,United States,2002,16350,Finance,Finance/Investors Services
NBO,Neuberger Berman New York Municipal Fund Inc. Common Stock,$9.65,0.03,0.312%,48997074.00,United States,2002,6773,Finance,Finance/Investors Services
NBW,Neuberger Berman California Municipal Fund Inc Common Stock,$10.80,-0.075,-0.69%,59951275.00,United States,2002,30399,Finance,Finance/Investors Services
NBY,NovaBay Pharmaceuticals Inc. Common Stock,$1.69,-0.0111,-0.653%,3439900.00,United States,2007,3646,Health Care,Biotechnology: Pharmaceutical Preparations
NEN,New England Realty Associates Limited Partnership Class A Depositary Receipts Evidencing Units of Limited Partnership,$70.55,-1.38,-1.919%,252402220.00,United States,,1442,Finance,Real Estate
NEWP,New Pacific Metals Corp. Common Shares,$2.65,-0.02,-0.749%,416180579.00,,2021,95511,,
NFGC,New Found Gold Corp Common Shares,$4.94,-0.22,-4.264%,866364978.00,,2021,184753,,
NG,Novagold Resources Inc.,$5.65,-0.23,-3.912%,1887002131.00,Canada,2003,1282197,,
NGD,New Gold Inc.,$1.26,-0.06,-4.545%,860328000.00,Canada,,2742563,,
NHC,National HealthCare Corporation Common Stock,$57.20,-0.12,-0.209%,878328251.00,United States,1986,38652,Health Care,Hospital/Nursing Management
NHS,Neuberger Berman High Yield Strategies Fund,$9.12,0.09,0.997%,177224765.00,United States,,54062,Finance,Trusts Except Educational Religious and Charitable
NHWK,NightHawk Biosciences Inc. Common Stock,$0.7701,0.0001,0.013%,20060496.00,United States,2022,18061,Health Care,Biotechnology: Pharmaceutical Preparations
NML,Neuberger Berman MLP and Energy Income Fund Inc. Common Stock,$6.58,-0.09,-1.349%,372815746.00,,2013,170310,Finance,Finance/Investors Services
NNVC,NanoViricides Inc. Common Stock,$1.3867,-0.0233,-1.652%,16134255.00,United States,,25256,Health Care,Biotechnology: Pharmaceutical Preparations
NRO,Neuberger Berman Real Estate Securities Income Fund Inc. Neuberger Berman Real Estate Securities Income Fund Inc.,$3.00,-0.01,-0.332%,142367418.00,United States,2003,233279,Finance,Finance/Investors Services
NSTB,Northern Star Investment Corp. II Class A Common stock,$10.06,0.0148,0.147%,121461593.00,,2021,312,Industrials,Consumer Electronics/Appliances
NTIP,Network-1 Technologies Inc. Common Stock,$2.20,-0.01,-0.452%,52398511.00,United States,,10406,Technology,Interactive Media
OBE,Obsidian Energy Ltd. Common Shares,$6.89,-0.14,-1.991%,568026827.00,,2022,597601,,
OGEN,Oragenics Inc. Common Stock,$3.3135,0.0635,1.954%,6708701.00,United States,,4656,Health Care,Biotechnology: Pharmaceutical Preparations
OPTT,Ocean Power Technologies Inc. Common Stock,$0.5446,0.0035,0.647%,30613996.00,United States,2007,69789,Industrials,Industrial Machinery/Components
ORLA,Orla Mining Ltd. Common Shares,$4.76,-0.06,-1.245%,1459703556.00,,2020,333984,,
OZ,Belpointe PREP LLC Class A Units,$92.8001,-0.0299,-0.032%,326976420.00,,,3263,,
PCG^A,Pacific Gas & Electric Co. 6% Preferred Stock,$22.27,0.07,0.315%,,United States,,2813,,
PCG^B,Pacific Gas & Electric Co. 5 1/2% Preferred Stock,$19.74,0.03,0.152%,,United States,,3182,,
PCG^C,Pacific Gas & Electric Co. 5% 1st Preferred Stock,$18.05,0.00,0.00%,,United States,,737,,
PCG^D,Pacific Gas & Electric Co. 5% 1st  Red. Preferred Stock,$17.75,0.20,1.14%,,United States,,410,,
PCG^E,Pacific Gas & Electric Co. 5% 1st A Preferred Stock,$17.75,0.23,1.313%,,United States,,229,,
PCG^G,Pacific Gas & Electric Co. 4.80% 1st Preferred Stock,$17.18,0.08,0.468%,,United States,,100,,
PCG^H,Pacific Gas & Electric Co. 4.50% 1st Preferred Stock,$17.49,0.7675,4.59%,,United States,,625,,
PCG^I,Pacific Gas & Electric Co. 4.36% 1st Preferred Stock,$15.6624,0.00,0.00%,,United States,,10,,
PED,Pedevco Corp. Common Stock,$0.94,-0.0201,-2.094%,81817851.00,United States,,203247,,
PHGE,BiomX Inc. COmmon Stock,$0.31,-0.0001,-0.032%,10286350.00,,2019,716522,Health Care,Biotechnology: Pharmaceutical Preparations
PLAG,Planet Green Holdings Corp. Common Stock,$0.4799,-0.0169,-3.402%,34592118.00,China,,1125,,
PLG,Platinum Group Metals Ltd. Ordinary Shares (Canada),$1.68,-0.0567,-3.265%,168346157.00,Canada,,236020,,
PLM,Polymet Mining Corporation Ordinary Shares (Canada),$2.03,-0.01,-0.49%,394704063.00,Canada,,32819,,
PLX,Protalix BioTherapeutics Inc. (DE) Common Stock,$2.42,-0.02,-0.82%,138861972.00,Israel,,1105100,Health Care,Biotechnology: Biological Products (No Diagnostic Substances)
PLYM^A,Plymouth Industrial REIT Inc. 7.50% Series A Cumulative Redeemable Preferred Stock,$25.15,0.00,0.00%,,United States,,1104,,
POL,Polished Inc. Common Stock,$0.452,-0.0246,-5.162%,47563000.00,United States,2020,231113,Consumer Discretionary,Other Specialty Stores
PRK,Park National Corporation Common Stock,$109.62,2.91,2.727%,1782813968.00,United States,1994,37932,Finance,Major Banks
PTN,Palatin Technologies Inc. Common Stock,$2.68,0.03,1.132%,29889182.00,United States,1999,162182,Health Care,Biotechnology: Pharmaceutical Preparations
PW,Power REIT (MD) Common Stock,$3.24,-0.0541,-1.642%,10982502.00,United States,1998,5356,Real Estate,Real Estate Investment Trusts
PW^A,Power REIT 7.75% Series A Cumulative Perpetual Preferred Stock,$6.00,0.25,4.348%,,United States,,1055,,
PZG,Paramount Gold Nevada Corp. Common Stock,$0.3625,-0.016,-4.227%,17519393.00,United States,2015,74645,Basic Materials,Precious Metals
RCG,RENN Fund Inc Common Stock,$1.75,-0.05,-2.778%,12277626.00,United States,,5968,Finance,Investment Managers
REI,Ring Energy Inc. Common Stock,$1.86,-0.07,-3.627%,362959749.00,United States,,1994226,Energy,Oil & Gas Production
REPX,Riley Exploration Permian Inc. Common Stock,$44.83,1.76,4.086%,903725011.00,United States,1999,71462,Energy,Oil & Gas Production
RHE,Regional Health Properties Inc. Common Stock,$3.32,-0.21,-5.949%,5937285.00,,2017,4599,Health Care,Hospital/Nursing Management
RHE^A,Regional Health Properties Inc. 10.875% Series A Cumulative Redeemable Preferred Stock,$4.2204,0.0204,0.486%,,,,361,,
RLGT,Radiant Logistics Inc. Common Stock,$6.35,0.08,1.276%,305950976.00,United States,,153893,Consumer Discretionary,Oil Refining/Marketing
RMED,Ra Medical Systems Inc. Common Stock,$1.44,-0.09,-5.882%,3589284.00,,2018,20991,Health Care,Medical/Dental Instruments
RVP,Retractable Technologies Inc. Common Stock,$1.85,0.00,0.00%,55383744.00,United States,2001,13978,Health Care,Medical/Dental Instruments
SACC,Sachem Capital Corp. 6.875% Notes due 2024,$23.6056,0.0706,0.30%,0.00,United States,2019,1002,Real Estate,Real Estate Investment Trusts
SACH,Sachem Capital Corp. Common Shares,$3.53,0.02,0.57%,154461236.00,United States,2017,394764,Real Estate,Real Estate Investment Trusts
SACH^A,Sachem Capital Corp. 7.75% Series A Cumulative Redeemable Preferred Stock,$19.96,-0.04,-0.20%,,United States,,2005,,
SATX,SatixFy Communications Ltd. Ordinary Share,$0.8673,0.1161,15.455%,71702010.00,,2022,406631,,
SBEV,Splash Beverage Group Inc. (NV) Common Stock,$1.08,-0.02,-1.818%,44372362.00,,2021,161954,Consumer Staples,Beverages (Production/Distribution)
SCCB,Sachem Capital Corp. 7.125% Notes due 2024,$24.50,0.13,0.533%,0.00,United States,2019,586,Real Estate,Real Estate Investment Trusts
SCCC,Sachem Capital Corp. 7.75% Notes due 2025,$23.40,0.10,0.429%,0.00,United States,2020,8881,Real Estate,Real Estate Investment Trusts
SCCD,Sachem Capital Corp. 6.00% Notes due 2026,$20.35,-0.07,-0.343%,0.00,United States,,305,Real Estate,Real Estate Investment Trusts
SCCE,Sachem Capital Corp. 6.00% Notes due 2027,$20.60,0.25,1.229%,0.00,United States,2022,4922,Real Estate,Real Estate Investment Trusts
SCCF,Sachem Capital Corp. 7.125% Notes due 2027,$21.1799,0.4499,2.17%,0.00,United States,2022,1811,Real Estate,Real Estate Investment Trusts
SCCG,Sachem Capital Corp. 8.00% Notes due 2027,$21.96,-0.09,-0.408%,0.00,United States,2022,1185,Real Estate,Real Estate Investment Trusts
SDPI,Superior Drilling Products Inc. Common Stock,$1.0027,-0.0173,-1.696%,29324042.00,,2014,45379,Industrials,Metal Fabrications
SEB,Seaboard Corporation Common Stock,$3930.35,22.35,0.572%,4562267743.00,United States,1996,529,Industrials,Consumer Electronics/Appliances
SENS,Senseonics Holdings Inc. Common Stock,$0.659,0.0245,3.861%,316175293.00,United States,,5923346,Health Care,Biotechnology: Electromedical & Electrotherapeutic Apparatus
SIF,SIFCO Industries Inc. Common Stock,$3.39,-0.24,-6.612%,20672956.00,United States,1969,11762,Industrials,Office Equipment/Supplies/Services
SILV,SilverCrest Metals Inc. Common Shares,$6.74,-0.11,-1.606%,992338719.00,,2018,810029,Industrials,Industrial Machinery/Components
SIM,Grupo Simec S.A.B. de C.V. American Depositary Shares,$34.73,-1.54,-4.246%,5349993130.00,Mexico,1998,1678,Industrials,Steel/Iron Ore
SKYH,Sky Harbour Group Corporation Class A Common Stock,$6.45,0.22,3.531%,368487410.00,,2022,2060,Industrials,Military/Government/Technical
SLI,Standard Lithium Ltd. Common Shares,$3.87,0.02,0.519%,648233502.00,,2021,285416,,
SLND,Southland Holdings Inc. Common Stock,$8.10,0.00,0.00%,359703431.00,United States,,13226,Industrials,Engineering & Construction
SNMP,Evolve Transition Infrastructure LP Common Stock,$0.17,0.004,2.41%,39275449.00,United States,,47208,Energy,Oil & Gas Production
SSY,SunLink Health Systems Inc. Common Stock,$1.1447,-0.0053,-0.461%,8049076.00,United States,1996,7768,Consumer Staples,Retail-Drug Stores and Proprietary Stores
STRW,Strawberry Fields REIT Inc. Common Stock,$7.30,-0.08,-1.084%,46470749.00,,2023,12509,Real Estate,Real Estate Investment Trusts
STXS,Stereotaxis Inc. Common Stock,$1.83,-0.01,-0.543%,137351536.00,United States,,62943,Health Care,Biotechnology: Electromedical & Electrotherapeutic Apparatus
SVM,Silvercorp Metals Inc. Common Shares,$3.74,-0.12,-3.109%,661124531.00,,,1206311,,
SVT,Servotronics Inc. Common Stock,$11.58,0.00,0.00%,29243125.00,United States,1970,62,Consumer Discretionary,Metal Fabrications
TELL,Tellurian Inc. Common Stock,$1.48,-0.01,-0.671%,834007257.00,United States,,9308135,Energy,Oil & Gas Production
TELZ,Tellurian Inc. 8.25% Senior Notes due 2028,$16.85,-0.05,-0.296%,0.00,United States,,2677,Energy,Oil & Gas Production
TGB,Taseko Mines Ltd. Common Stock,$1.75,-0.04,-2.235%,501362608.00,Canada,,939209,,
THM,International Tower Hill Mines Ltd. Ordinary Shares (Canada),$0.56,-0.0074,-1.304%,109375383.00,Canada,,20854,,
TKAT,Takung Art Co. Ltd. Common Stock,$0.601,-0.029,-4.603%,21030123.00,,,21238,Consumer Discretionary,Catalog/Specialty Distribution
TMBR,Timber Pharmaceuticals Inc. Common Stock,$1.56,0.05,3.311%,4691887.00,United States,2015,16927,Health Care, Medicinal Chemicals and Botanical Products 
TMP,Tompkins Financial Corporation Common Stock,$61.41,1.31,2.18%,896061006.00,United States,1997,45148,Finance,Major Banks
TMQ,Trilogy Metals Inc. Common Stock,$0.5976,0.0148,2.539%,89016501.00,Canada,,70138,,
TOVX,Theriva Biologics Inc. Common Stock,$0.708,-0.0279,-3.791%,10707835.00,United States,,11971,Health Care,Biotechnology: Pharmaceutical Preparations
TPET,Trio Petroleum Corp. Common Stock,$2.00,-0.27,-11.894%,38174172.00,,2023,208486,Energy,Oil & Gas Production
TPHS,Trinity Place Holdings Inc. Common Stock,$0.38,0.01,2.703%,14121992.00,,,29146,Real Estate,Real Estate
TRT,Trio-Tech International Common Stock,$4.45,-0.12,-2.626%,18141226.00,United States,1998,656,Technology,Industrial Machinery/Components
TRX,TRX Gold Corporation Common Stock,$0.534,-0.0025,-0.466%,147883407.00,Canada,,373214,,
UAMY,United States Antimony Corporation Common Stock,$0.38,-0.0125,-3.185%,40421870.00,United States,,248427,,
UAVS,AgEagle Aerial Systems Inc. Common Stock,$0.41,-0.01,-2.381%,37339264.00,United States,,352201,Industrials,Wholesale Distributors
UEC,Uranium Energy Corp. Common Stock,$2.73,-0.08,-2.847%,1024818795.00,Canada,,3309106,Basic Materials,Other Metals and Minerals
UFAB,Unique Fabricating Inc. Common Stock,$0.22,-0.0285,-11.469%,2581292.00,United States,2015,2910077,Consumer Discretionary,Auto Parts:O.E.M.
URG,Ur Energy Inc Common Shares (Canada),$0.913,-0.004,-0.436%,241695572.00,Canada,,479777,,
USAS,Americas Gold and Silver Corporation Common Shares no par value,$0.57,-0.005,-0.87%,119057404.00,,2017,437026,,
UTG,Reaves Utility Income Fund Common Shares of Beneficial Interest,$28.96,0.02,0.069%,2113086469.00,United States,2004,170944,Finance,Investment Managers
UUU,Universal Security Instruments Inc. Common Stock,$2.02,-0.03,-1.463%,4672032.00,United States,2003,27642,Technology,Security Systems Services
UUUU,Energy Fuels Inc Ordinary Shares (Canada),$5.19,-0.02,-0.384%,820172648.00,,,1153848,,
VFL,Delaware Investments National Municipal Income Fund Common Stock,$10.32,-0.10,-0.96%,216273092.00,United States,1993,13045,Finance,Finance/Investors Services
VGZ,Vista Gold Corp Common Stock,$0.6182,-0.0118,-1.873%,73814610.00,United States,1986,90120,,
VHAQ,Viveon Health Acquisition Corp. Common Stock,$11.03,0.09,0.823%,75842556.00,,2021,375,Industrials,Consumer Electronics/Appliances
VINE,Fresh Vine Wine Inc. Common Stock,$0.471,0.021,4.667%,7477703.00,,2021,164016,Consumer Staples,Beverages (Production/Distribution)
VKI,Invesco Advantage Municipal Income Trust II Common Shares of Beneficial Interest (DE),$8.56,0.00,0.00%,380115531.00,United States,1993,52422,Finance,Finance Companies
VNRX,VolitionRX Limited Common Stock,$1.57,-0.05,-3.086%,99061923.00,Singapore,2015,66866,Health Care,Biotechnology: Biological Products (No Diagnostic Substances)
VZLA,Vizsla Silver Corp. Common Shares,$1.52,-0.04,-2.564%,315768142.00,,2022,208237,,
WLMS,Williams Industrial Services Group Inc. Common Stock,$0.9903,0.0003,0.03%,26795851.00,,2021,4911,Industrials,Engineering & Construction
WRAC,Williams Rowland Acquisition Corp. Common Stock,$10.3116,0.00,0.00%,296458500.00,,2021,1,Industrials,Consumer Electronics/Appliances
WRN,Western Copper and Gold Corporation Common Stock,$1.87,-0.02,-1.058%,300974606.00,Canada,2011,118027,,
WTT,Wireless Telecom Group  Inc. Common Stock,$1.81,0.00,0.00%,38681595.00,United States,1993,8663,Telecommunications,Telecommunications Equipment
WWR,Westwater Resources Inc. Common Stock,$0.9185,-0.0001,-0.011%,45924779.00,United States,,123252,Basic Materials,Other Metals and Minerals
WYY,WidePoint Corporation Common Stock,$1.96,-0.01,-0.508%,17101933.00,United States,,2012,Technology,EDP Services
XPL,Solitario Zinc Corp. Common Stock,$0.6522,-0.0018,-0.275%,42263455.00,United States,,39826,Basic Materials,Precious Metals
XTNT,Xtant Medical Holdings Inc. Common Stock,$0.612,-0.0136,-2.174%,66644993.00,United States,,445,Health Care,Medical Specialities
YCBD,cbdMD Inc. Common Stock,$0.1292,-0.0187,-12.644%,8468724.00,United States,2017,867712,Health Care,Biotechnology: Pharmaceutical Preparations
YCBD^A,cbdMD Inc. 8.0% Series A Cumulative Convertible Preferred Stock,$3.48,0.0801,2.356%,,United States,,22793,,
ZDGE,Zedge Inc. Class B Common Stock ,$2.05,0.06,3.015%,30087569.00,,2016,27675,Technology,Internet and Information Services
ZOM,Zomedica Corp. Common Shares,$0.215,0.0003,0.14%,210689179.00,United States,2017,2113701,Health Care,Pharmaceuticals and Biotechnology
